{
  "POST /auth/signup." : {
    "transaction" : "POST /auth/signup.",
    "sampleCount" : 500,
    "errorCount" : 0,
    "errorPct" : 0.0,
    "meanResTime" : 73.474,
    "medianResTime" : 73.0,
    "minResTime" : 70.0,
    "maxResTime" : 149.0,
    "pct1ResTime" : 75.0,
    "pct2ResTime" : 77.0,
    "pct3ResTime" : 87.98000000000002,
    "throughput" : 1.6695271231376425,
    "receivedKBytesPerSec" : 1.674307448845689,
    "sentKBytesPerSec" : 0.5281803396068597
  },
  "Total" : {
    "transaction" : "Total",
    "sampleCount" : 500,
    "errorCount" : 0,
    "errorPct" : 0.0,
    "meanResTime" : 73.474,
    "medianResTime" : 73.0,
    "minResTime" : 70.0,
    "maxResTime" : 149.0,
    "pct1ResTime" : 75.0,
    "pct2ResTime" : 77.0,
    "pct3ResTime" : 87.98000000000002,
    "throughput" : 1.6695271231376425,
    "receivedKBytesPerSec" : 1.674307448845689,
    "sentKBytesPerSec" : 0.5281803396068597
  }
}