{
  "Total" : {
    "transaction" : "Total",
    "sampleCount" : 100,
    "errorCount" : 0,
    "errorPct" : 0.0,
    "meanResTime" : 11.870000000000003,
    "medianResTime" : 11.0,
    "minResTime" : 7.0,
    "maxResTime" : 24.0,
    "pct1ResTime" : 14.900000000000006,
    "pct2ResTime" : 16.0,
    "pct3ResTime" : 23.989999999999995,
    "throughput" : 2.019753186160651,
    "receivedKBytesPerSec" : 3.7213163488921652,
    "sentKBytesPerSec" : 3.084857405425057
  },
  "Post - Insert forum" : {
    "transaction" : "Post - Insert forum",
    "sampleCount" : 100,
    "errorCount" : 0,
    "errorPct" : 0.0,
    "meanResTime" : 11.870000000000003,
    "medianResTime" : 11.0,
    "minResTime" : 7.0,
    "maxResTime" : 24.0,
    "pct1ResTime" : 14.900000000000006,
    "pct2ResTime" : 16.0,
    "pct3ResTime" : 23.989999999999995,
    "throughput" : 2.019753186160651,
    "receivedKBytesPerSec" : 3.7213163488921652,
    "sentKBytesPerSec" : 3.084857405425057
  }
}