{
  "POST /auth/login" : {
    "transaction" : "POST /auth/login",
    "sampleCount" : 1000,
    "errorCount" : 1,
    "errorPct" : 0.1,
    "meanResTime" : 71.67400000000013,
    "medianResTime" : 71.0,
    "minResTime" : 70.0,
    "maxResTime" : 194.0,
    "pct1ResTime" : 73.0,
    "pct2ResTime" : 74.0,
    "pct3ResTime" : 79.99000000000001,
    "throughput" : 3.3354346571673488,
    "receivedKBytesPerSec" : 3.971512469522466,
    "sentKBytesPerSec" : 0.8793691067038902
  },
  "Total" : {
    "transaction" : "Total",
    "sampleCount" : 1000,
    "errorCount" : 1,
    "errorPct" : 0.1,
    "meanResTime" : 71.67400000000013,
    "medianResTime" : 71.0,
    "minResTime" : 70.0,
    "maxResTime" : 194.0,
    "pct1ResTime" : 73.0,
    "pct2ResTime" : 74.0,
    "pct3ResTime" : 79.99000000000001,
    "throughput" : 3.3354346571673488,
    "receivedKBytesPerSec" : 3.971512469522466,
    "sentKBytesPerSec" : 0.8793691067038902
  }
}