{
  "Total" : {
    "transaction" : "Total",
    "sampleCount" : 100,
    "errorCount" : 0,
    "errorPct" : 0.0,
    "meanResTime" : 11.06,
    "medianResTime" : 11.0,
    "minResTime" : 7.0,
    "maxResTime" : 16.0,
    "pct1ResTime" : 13.0,
    "pct2ResTime" : 14.0,
    "pct3ResTime" : 15.97999999999999,
    "throughput" : 2.0198347775151992,
    "receivedKBytesPerSec" : 1.424141317740209,
    "sentKBytesPerSec" : 1.319599088044598
  },
  "Post - Insert game" : {
    "transaction" : "Post - Insert game",
    "sampleCount" : 100,
    "errorCount" : 0,
    "errorPct" : 0.0,
    "meanResTime" : 11.06,
    "medianResTime" : 11.0,
    "minResTime" : 7.0,
    "maxResTime" : 16.0,
    "pct1ResTime" : 13.0,
    "pct2ResTime" : 14.0,
    "pct3ResTime" : 15.97999999999999,
    "throughput" : 2.0198347775151992,
    "receivedKBytesPerSec" : 1.424141317740209,
    "sentKBytesPerSec" : 1.319599088044598
  }
}